{"kind":"identitytoolkit#DownloadAccountResponse","users":[{"localId":"6CNFx5Swqrx3SfSIWenisY7PGcSO","lastLoginAt":"1705251987433","emailVerified":false,"email":"test2@test2.com","salt":"fakeSaltYFzDscaiJOiRD6sEOjIH","passwordHash":"fakeHash:salt=fakeSaltYFzDscaiJOiRD6sEOjIH:password=1231231","passwordUpdatedAt":1705251827187,"validSince":"1705251827","createdAt":"1705251827187","providerUserInfo":[{"providerId":"password","email":"test2@test2.com","federatedId":"test2@test2.com","rawId":"test2@test2.com"}],"lastRefreshAt":"2024-01-14T17:06:27.433Z"},{"localId":"75D0IpwdwKGO4CIHAH5wyJsbDoyl","createdAt":"1705069584968","lastLoginAt":"1705069584968","passwordHash":"fakeHash:salt=fakeSaltW4KTa7RXFOGA4eBJads8:password=1231231","salt":"fakeSaltW4KTa7RXFOGA4eBJads8","passwordUpdatedAt":1705250870523,"providerUserInfo":[{"providerId":"password","email":"cust1@cust1.com","federatedId":"cust1@cust1.com","rawId":"cust1@cust1.com"}],"validSince":"1705250870","email":"cust1@cust1.com","emailVerified":false,"disabled":false},{"localId":"9x1lJXa7LsskBkXvcvxzD1iQJ2v5","createdAt":"1704399884582","lastLoginAt":"1704979098495","passwordHash":"fakeHash:salt=fakeSaltkJ1nLG0BWgucLpLMJi3X:password=aaaaaaa","salt":"fakeSaltkJ1nLG0BWgucLpLMJi3X","passwordUpdatedAt":1705250870524,"providerUserInfo":[{"providerId":"password","email":"a@a.com","federatedId":"a@a.com","rawId":"a@a.com"}],"validSince":"1705250870","email":"a@a.com","emailVerified":false,"disabled":false},{"localId":"DPi02GSDvN0YWUGNBWlu580OLPCq","createdAt":"1705142238357","lastLoginAt":"1705142238357","passwordHash":"fakeHash:salt=fakeSaltGwhguUs1laWNjBoaH4bv:password=1231231","salt":"fakeSaltGwhguUs1laWNjBoaH4bv","passwordUpdatedAt":1705250870524,"providerUserInfo":[{"providerId":"password","email":"w@w.com","federatedId":"w@w.com","rawId":"w@w.com"}],"validSince":"1705250870","email":"w@w.com","emailVerified":false,"disabled":false},{"localId":"KJ8JO5OhtWqXavfsbuLmlVzwdOqO","createdAt":"1705143099272","lastLoginAt":"1705143099272","passwordHash":"fakeHash:salt=fakeSalt49OzC5WMFnkf2FAD16R6:password=1231231","salt":"fakeSalt49OzC5WMFnkf2FAD16R6","passwordUpdatedAt":1705250870524,"providerUserInfo":[{"providerId":"password","email":"comp7@comp7.com","federatedId":"comp7@comp7.com","rawId":"comp7@comp7.com"}],"validSince":"1705250870","email":"comp7@comp7.com","emailVerified":false,"disabled":false},{"localId":"NFLb2vXs2KW3Yhljkz2UMXjNjZ1t","createdAt":"1704399977132","lastLoginAt":"1704399977132","passwordHash":"fakeHash:salt=fakeSaltJUsCca544QofNKxaNoQT:password=1231231","salt":"fakeSaltJUsCca544QofNKxaNoQT","passwordUpdatedAt":1705250870524,"providerUserInfo":[{"providerId":"password","email":"comp2@comp2.com","federatedId":"comp2@comp2.com","rawId":"comp2@comp2.com"}],"validSince":"1705250870","email":"comp2@comp2.com","emailVerified":false,"disabled":false},{"localId":"USmwZrLvrTv5VCPaUyTc1WTBITGv","createdAt":"1704399939638","lastLoginAt":"1704399939638","passwordHash":"fakeHash:salt=fakeSalt7x1UBiITYt9GHZPHhlqh:password=1231231","salt":"fakeSalt7x1UBiITYt9GHZPHhlqh","passwordUpdatedAt":1705250870525,"providerUserInfo":[{"providerId":"password","email":"comp1@comp1.com","federatedId":"comp1@comp1.com","rawId":"comp1@comp1.com"}],"validSince":"1705250870","email":"comp1@comp1.com","emailVerified":false,"disabled":false},{"localId":"Y6CY7sKuexwjDJAgxTagdBPCVMXm","createdAt":"1705141183699","lastLoginAt":"1705141183699","passwordHash":"fakeHash:salt=fakeSaltspuTdPklqr1nvD7d7taF:password=1231231","salt":"fakeSaltspuTdPklqr1nvD7d7taF","passwordUpdatedAt":1705250870525,"providerUserInfo":[{"providerId":"password","email":"comp6@comp6.com","federatedId":"comp6@comp6.com","rawId":"comp6@comp6.com"}],"validSince":"1705250870","email":"comp6@comp6.com","emailVerified":false,"disabled":false},{"localId":"gsZVf3xg7rmweS9HUn7ApV6JHbhb","createdAt":"1705142290311","lastLoginAt":"1705142290311","passwordHash":"fakeHash:salt=fakeSaltfyX83QU74ihp8NvgUiFq:password=1231231","salt":"fakeSaltfyX83QU74ihp8NvgUiFq","passwordUpdatedAt":1705250870525,"providerUserInfo":[{"providerId":"password","email":"customer11@h.com","federatedId":"customer11@h.com","rawId":"customer11@h.com"}],"validSince":"1705250870","email":"customer11@h.com","emailVerified":false,"disabled":false},{"localId":"j9Ft2QD6CJoqv1P3BioR1SVSQrUn","createdAt":"1704706654179","lastLoginAt":"1705139601506","passwordHash":"fakeHash:salt=fakeSaltgkQto5V5sMeRzPnJxIBk:password=1231231","salt":"fakeSaltgkQto5V5sMeRzPnJxIBk","passwordUpdatedAt":1705250870525,"providerUserInfo":[{"providerId":"password","email":"comp5@comp5.com","federatedId":"comp5@comp5.com","rawId":"comp5@comp5.com"}],"validSince":"1705250870","email":"comp5@comp5.com","emailVerified":false,"disabled":false},{"localId":"klcPKxpD9XUWTDZFXTbT5iho6dlK","createdAt":"1705143283278","lastLoginAt":"1705143283278","passwordHash":"fakeHash:salt=fakeSaltnlJq3nqOkb03zIMIMfT7:password=1231231","salt":"fakeSaltnlJq3nqOkb03zIMIMfT7","passwordUpdatedAt":1705250870525,"providerUserInfo":[{"providerId":"password","email":"comp7@comp7.com1","federatedId":"comp7@comp7.com1","rawId":"comp7@comp7.com1"}],"validSince":"1705250870","email":"comp7@comp7.com1","emailVerified":false,"disabled":false},{"localId":"m7RPxGrlIcMvlAWaf8X3eZLyFVDc","lastLoginAt":"1705251655863","emailVerified":false,"email":"test@test.com","salt":"fakeSaltAjXk3UFq7yKtMPE8XyI1","passwordHash":"fakeHash:salt=fakeSaltAjXk3UFq7yKtMPE8XyI1:password=1231231","passwordUpdatedAt":1705251655863,"validSince":"1705251655","createdAt":"1705251655863","providerUserInfo":[{"providerId":"password","email":"test@test.com","federatedId":"test@test.com","rawId":"test@test.com"}],"lastRefreshAt":"2024-01-14T17:56:30.771Z"},{"localId":"mhDT0uDxKKIgzea4chXpXiDoNnlT","createdAt":"1704704986896","lastLoginAt":"1704706536214","passwordHash":"fakeHash:salt=fakeSaltG1fWFpFTPddeqsUlkZPT:password=1231231","salt":"fakeSaltG1fWFpFTPddeqsUlkZPT","passwordUpdatedAt":1705250870525,"providerUserInfo":[{"providerId":"password","email":"comp@comp.com","federatedId":"comp@comp.com","rawId":"comp@comp.com"}],"validSince":"1705250870","email":"comp@comp.com","emailVerified":false,"disabled":false},{"localId":"mxMWlDrxj2VYHoO2poUewqNinmf6","createdAt":"1705143417347","lastLoginAt":"1705143552358","passwordHash":"fakeHash:salt=fakeSaltF4WSqlWvrc9QtHVCI8sc:password=1231231","salt":"fakeSaltF4WSqlWvrc9QtHVCI8sc","passwordUpdatedAt":1705250870525,"providerUserInfo":[{"providerId":"password","email":"comp7@comp7.com2","federatedId":"comp7@comp7.com2","rawId":"comp7@comp7.com2"}],"validSince":"1705250870","email":"comp7@comp7.com2","emailVerified":false,"disabled":false,"lastRefreshAt":"2024-01-14T16:57:16.726Z"},{"localId":"rqEkIQVVU5R4ImJgwTr7dTlP2qt5","createdAt":"1705139728021","lastLoginAt":"1705139728021","passwordHash":"fakeHash:salt=fakeSaltTVRPPFE9OjD6LsVkOLvV:password=1231231","salt":"fakeSaltTVRPPFE9OjD6LsVkOLvV","passwordUpdatedAt":1705250870525,"providerUserInfo":[{"providerId":"password","email":"cust1@cust2.com","federatedId":"cust1@cust2.com","rawId":"cust1@cust2.com"}],"validSince":"1705250870","email":"cust1@cust2.com","emailVerified":false,"disabled":false},{"localId":"wKwvkGnIK0DIYMAisg9maBH3zWkS","createdAt":"1704823641770","lastLoginAt":"1705255133574","displayName":"","photoUrl":"","passwordHash":"fakeHash:salt=fakeSaltgLuN1yrwAFR1DN8QZJW4:password=adminPassword","salt":"fakeSaltgLuN1yrwAFR1DN8QZJW4","passwordUpdatedAt":1705250870526,"providerUserInfo":[{"providerId":"password","email":"admin@admin.com","federatedId":"admin@admin.com","rawId":"admin@admin.com","displayName":"","photoUrl":""}],"validSince":"1705250870","email":"admin@admin.com","emailVerified":false,"disabled":false,"lastRefreshAt":"2024-01-14T17:58:53.575Z"}]}